{
    "id_val": {
        "r_wg_std": 0.036431132976240045,
        "r_wg": 0.5651919025103278,
        "r_all_std": 0.02176354447203149,
        "r_all": 0.8111913290341635
    },
    "id_test": {
        "r_wg_std": 0.06997106427892988,
        "r_wg": 0.5615008518138499,
        "r_all_std": 0.04255874943744215,
        "r_all": 0.8128469720697835
    },
    "val": {
        "r_wg_std": 0.08492476824360724,
        "r_wg": 0.4442349176714556,
        "r_all_std": 0.02551454113919325,
        "r_all": 0.7768421482939313
    },
    "test": {
        "r_wg_std": 0.1247774623575832,
        "r_wg": 0.43410320357309545,
        "r_all_std": 0.027395263618887455,
        "r_all": 0.7703091069140177
    }
}