{
    "id_val": {
        "r_wg_std": 0.06172037180962784,
        "r_wg": 0.6276913929443373,
        "r_all_std": 0.015193616262338809,
        "r_all": 0.837575656232304
    },
    "id_test": {
        "r_wg_std": 0.05449562411878636,
        "r_wg": 0.6154940122185091,
        "r_all_std": 0.008770990568896395,
        "r_all": 0.8400699358743753
    },
    "val": {
        "r_wg_std": 0.08868058685937202,
        "r_wg": 0.4792116665844587,
        "r_all_std": 0.032824422166383045,
        "r_all": 0.7966212628369481
    },
    "test": {
        "r_wg_std": 0.06071869048063429,
        "r_wg": 0.4776966647050038,
        "r_all_std": 0.04489024356180636,
        "r_all": 0.7925202437847678
    }
}