{
    "id_val": {
        "r_wg_std": 0.06679097842630408,
        "r_wg": 0.5903685432133585,
        "r_all_std": 0.017551034214415773,
        "r_all": 0.8223713543130712
    },
    "id_test": {
        "r_wg_std": 0.05349552480152628,
        "r_wg": 0.5971214407736489,
        "r_all_std": 0.01060358360463775,
        "r_all": 0.8321855968090194
    },
    "val": {
        "r_wg_std": 0.09170328403701915,
        "r_wg": 0.4791359099064397,
        "r_all_std": 0.028811294051583877,
        "r_all": 0.792047819873863
    },
    "test": {
        "r_wg_std": 0.08785260852063152,
        "r_wg": 0.44368739876374264,
        "r_all_std": 0.036750434369032504,
        "r_all": 0.7753644385830295
    }
}